8374,3,400,7/26/17,19:00:00,19:55:00,Meet & Greet w. Jayne
8375,3,400,8/9/17,9:00:00,10:00:00,Meet and Greet w/ Jayne
8436,3,382,8/22/17,13:00:00,15:00:00,Minecraft for Teachers
8395,4,0,8/28/17,8:00:00,15:00:00,Faculty Meetings
8435,7,470,8/28/17,10:00:00,12:00:00,EPC w/ JD &  JG
8396,4,0,8/29/17,8:00:00,15:00:00,Faculty Meetings
8397,4,0,8/30/17,8:00:00,15:00:00,Faculty Meetings
8437,3,470,8/30/17,18:40:00,20:00:00,BOT
8398,4,470,8/31/17,8:00:00,12:00:00,Faculty Meetings
8480,3,400,8/31/17,10:00:00,15:00:00,B.Lamb
8481,3,400,8/31/17,8:00:00,10:00:00,New Trustee Orientation
8399,4,470,9/5/17,13:00:00,15:00:00,Faculty Meeting
8482,7,400,9/5/17,9:05:00,11:15:00,Jeff/Bill iPad distribution
8441,7,400,9/6/17,9:05:00,10:00:00,US-B.Lamb
8463,3,400,9/6/17,11:15:00,12:10:00,US-B.Lamb
8442,7,400,9/7/17,10:20:00,12:10:00,US-B.Lamb
8464,3,400,9/7/17,10:20:00,12:10:00,US-B.Lamb
8484,3,400,9/7/17,15:30:00,17:00:00,Parent Council Breakfast set up
8376,3,400,9/8/17,8:00:00,12:30:00,PC Faculty Welcome Back Breakfast
8440,5,400,9/8/17,8:00:00,9:30:00,PC LS Class Parent Meeting - M. Baret
8443,7,400,9/8/17,9:05:00,12:10:00,US-B.Lamb
8444,7,400,9/11/17,9:05:00,12:10:00,US-B.Lamb
8465,3,400,9/11/17,11:15:00,12:10:00,US-B.Lamb
8525,7,400,9/11/17,15:30:00,16:45:00,ASE-Chess
8445,7,400,9/12/17,9:05:00,11:15:00,US-B.Lamb
8466,3,400,9/12/17,9:05:00,11:15:00,US-B.Lamb
8446,7,400,9/13/17,9:05:00,12:10:00,US-B.Lamb
8447,7,400,9/13/17,13:10:00,14:00:00,US-B.Lamb
8467,3,400,9/13/17,13:10:00,14:00:00,5/6 B.Lamb
8544,3,400,9/13/17,14:00:00,14:50:00,5/6 blamb
8545,7,400,9/13/17,14:00:00,14:50:00,B. Lamb
9380,7,400,9/13/17,16:00:00,17:15:00,yoga
8491,4,490,9/14/17,12:00:00,12:45:00,4th Grade Band Assembly
8529,7,400,9/14/17,15:30:00,16:45:00,ASE - chess
9000,4,400,9/14/17,11:15:00,12:10:00,US Assembly
8448,7,400,9/15/17,8:50:00,11:00:00,US - B.Lamb
8468,3,400,9/15/17,11:15:00,12:10:00,US-B.Lamb
8493,4,470,9/15/17,8:05:00,9:00:00,Secondary School Meeting
8497,3,400,9/15/17,12:30:00,14:00:00,5/6 advisor's meeting
8498,4,470,9/15/17,9:00:00,10:00:00,Secondary School Meeting
8546,3,400,9/15/17,8:05:00,10:00:00,BLamb - carnival
8572,7,400,9/15/17,12:30:00,14:00:00,5/6 US Advisor Meeting
9022,7,400,9/15/17,8:50:00,11:00:00,US Class
9220,3,400,9/15/17,10:20:00,11:00:00,US Class
8377,3,400,9/18/17,19:30:00,21:00:00,BOT meeting
8449,7,400,9/18/17,10:20:00,12:10:00,US - B.Lamb
8469,3,400,9/18/17,10:20:00,12:10:00,Us-B.Lamb
8495,4,400,9/18/17,15:30:00,16:15:00,LS Drama Meeting gr. 2-4
8530,7,400,9/18/17,15:30:00,16:45:00,ASE-chess
8580,3,470,9/18/17,9:00:00,10:00:00,Admin. Meeting
9045,7,400,9/18/17,10:20:00,12:10:00,US Class
9243,3,400,9/18/17,10:20:00,12:10:00,US Class
8373,3,400,9/19/17,19:00:00,20:30:00,Horizons BOT Mtg. - LH
8450,7,400,9/19/17,9:05:00,12:10:00,US-B.Lamb
8470,3,400,9/19/17,9:05:00,12:10:00,US-B.Lamb
9068,7,400,9/19/17,9:05:00,12:10:00,US Class
9266,3,400,9/19/17,9:05:00,12:10:00,US Class
9414,4,470,9/19/17,9:20:00,10:35:00,Mark M
8451,7,400,9/20/17,9:05:00,12:10:00,US-B.Lamb
8471,3,400,9/20/17,11:15:00,12:10:00,US-B.Lamb
9091,7,400,9/20/17,9:05:00,12:10:00,US Class
9289,3,400,9/20/17,11:15:00,12:10:00,US Class
9377,7,400,9/20/17,16:00:00,17:15:00,yoga
8531,7,400,9/21/17,15:30:00,16:45:00,ASE-chess
8452,7,400,9/22/17,8:50:00,10:10:00,US-B.Lamb
8472,3,400,9/22/17,8:50:00,10:15:00,US - B. Lamb
8492,4,470,9/22/17,8:05:00,9:00:00,8th Grade Parents Meeting - Trip
8573,7,400,9/22/17,12:30:00,14:00:00,7/8 Advisors Meeting
9114,7,400,9/22/17,8:50:00,10:10:00,US Class
9312,3,400,9/22/17,8:50:00,10:10:00,US Class
8453,7,400,9/25/17,9:05:00,12:10:00,US-B.Lamb
8454,7,400,9/25/17,13:10:00,14:00:00,US-B.Lamb
8473,3,400,9/25/17,13:10:00,14:00:00,US - B.Lamb
8504,7,400,9/25/17,15:30:00,16:45:00,ASE - Chess
9136,7,400,9/25/17,9:05:00,10:00:00,US Class
9158,7,400,9/25/17,11:15:00,12:10:00,US Class
9180,7,400,9/25/17,13:10:00,14:00:00,US Class
9334,3,400,9/25/17,13:10:00,14:00:00,US Class
9001,4,400,9/26/17,11:15:00,12:10:00,US Assembly
9217,3,400,9/26/17,8:00:00,15:15:00,Development - see Missy if you need space
9397,3,400,9/26/17,19:30:00,21:00:00,Finance Committee
8455,7,400,9/27/17,9:05:00,12:10:00,US-B.Lamb
8521,4,400,9/27/17,8:10:00,10:00:00,5th gr. parent meeting - B. Lamb
9023,7,400,9/27/17,9:05:00,12:10:00,US Class
9378,7,400,9/27/17,16:00:00,17:15:00,yoga
9434,7,400,9/27/17,12:10:00,12:40:00,8th gr. meeting - blamb
9456,3,400,9/27/17,11:00:00,13:10:00,Lori H. - stuffing
1600,6,400,9/28/17,11:00:00,11:40:00,LS Assembly
8456,7,400,9/28/17,10:20:00,12:10:00,US-B.Lamb
8475,3,400,9/28/17,10:20:00,12:10:00,US-B.Lamb
8505,7,400,9/28/17,15:30:00,16:45:00,ASE - Chess
8581,3,470,9/28/17,9:00:00,10:00:00,Admin Mtg.
9046,7,400,9/28/17,10:20:00,12:10:00,US Class
9244,3,400,9/28/17,10:20:00,12:10:00,US Class
9435,4,400,9/28/17,11:00:00,11:40:00,LS Assembly - Naik
9457,3,400,9/28/17,12:40:00,13:10:00,8th gr. boys - CBA visit
8457,7,400,9/29/17,8:50:00,11:00:00,US-B.Lamb
8499,4,400,9/29/17,12:30:00,14:00:00,Jayne's Full Faculty Meeting - ERB overview & training
8522,5,400,9/29/17,8:15:00,10:00:00,PC Meeting w/ John Devlin
9069,7,400,9/29/17,8:50:00,11:00:00,US Class
9267,3,400,9/29/17,8:50:00,11:00:00,US Class
8458,7,400,10/2/17,9:05:00,12:10:00,US-B.Lamb
8506,7,400,10/2/17,15:30:00,16:45:00,ASE - Chess
9092,7,400,10/2/17,9:05:00,12:10:00,US Class
9290,3,400,10/2/17,11:15:00,12:10:00,US Class
8459,7,400,10/3/17,9:05:00,11:15:00,US-B.Lamb
9115,7,400,10/3/17,9:05:00,11:15:00,US Class
9313,3,400,10/3/17,9:05:00,11:15:00,US Class
8460,7,400,10/4/17,9:05:00,12:10:00,US-B.Lamb
8461,7,400,10/4/17,13:10:00,14:00:00,US-B.Lamb
9137,7,400,10/4/17,9:05:00,10:00:00,US Class
9159,7,400,10/4/17,11:15:00,12:10:00,US Class
9181,7,400,10/4/17,13:10:00,14:00:00,US Class
9335,3,400,10/4/17,13:10:00,14:00:00,US Class
9379,7,400,10/4/17,16:00:00,17:15:00,yoga
8507,7,400,10/5/17,15:35:00,16:45:00,ASE - Chess
9002,4,400,10/5/17,11:15:00,12:10:00,US Assembly
9429,3,436,10/5/17,14:00:00,16:30:00,Rite Aid Flu Shot Clinic
9436,7,400,10/5/17,14:50:00,15:30:00,Student Council
8462,7,400,10/6/17,8:50:00,11:00:00,US-B.Lamb
8574,7,400,10/6/17,12:30:00,14:00:00,5/6 Advisors meeting - writing reports
9024,7,400,10/6/17,8:50:00,11:00:00,US Class
9222,3,400,10/6/17,10:20:00,11:00:00,US Class
9405,5,400,10/6/17,8:15:00,10:00:00,PC EPC Meeting
9507,3,470,10/6/17,9:00:00,10:20:00,Natalie Diehl
8508,7,400,10/9/17,15:35:00,16:45:00,ASE-Chess
9476,4,0,10/9/17,9:00:00,10:00:00,3D play practice
8582,3,470,10/10/17,9:00:00,10:00:00,Admin. Meeting
8585,4,490,10/10/17,12:10:00,13:10:00,1C Play Practice
9047,7,400,10/10/17,10:20:00,12:10:00,US Class
9245,3,400,10/10/17,10:20:00,12:10:00,US Class
9480,4,384,10/10/17,8:10:00,9:05:00,4A
9509,4,490,10/10/17,15:00:00,15:30:00,US Chorus
9070,7,400,10/11/17,9:05:00,12:10:00,US Class
9268,3,400,10/11/17,9:05:00,12:10:00,US Class
9415,7,400,10/11/17,16:00:00,17:15:00,Yoga
9424,4,490,10/11/17,12:10:00,13:10:00,1C Play Practice
9462,3,470,10/11/17,15:45:00,16:50:00,Diversity
9470,3,470,10/11/17,8:05:00,9:05:00,PC Meeting
9482,4,384,10/11/17,8:10:00,9:05:00,4A
9510,3,470,10/11/17,12:10:00,13:10:00,Trinity Hall
8509,7,400,10/12/17,15:30:00,16:45:00,ASE-Chess
9093,7,400,10/12/17,9:05:00,12:10:00,US Class
9291,3,400,10/12/17,11:15:00,12:10:00,US Class
9425,4,490,10/12/17,10:20:00,11:15:00,1C Play Practice
9426,4,490,10/12/17,14:00:00,14:50:00,1C Play Practice
9458,4,384,10/12/17,13:10:00,14:00:00,4A
9461,3,470,10/12/17,8:20:00,10:00:00,PR Committee Meeting
9475,3,400,10/12/17,15:45:00,16:45:00,CPR Class
9519,4,400,10/12/17,12:10:00,12:40:00,Mater Dei with 8th gR.
8547,5,400,10/13/17,12:00:00,14:00:00,Grandfriends' lunch
8548,3,400,10/13/17,8:05:00,12:30:00,Development Faculty Breakfast
8575,7,400,10/13/17,12:30:00,14:00:00,7/8 Advisors meeting - PTC prep
9116,7,400,10/13/17,8:50:00,10:10:00,US Class
9314,3,400,10/13/17,8:50:00,10:10:00,US Class
9427,4,490,10/13/17,11:40:00,12:20:00,1C Play Practice
9477,4,0,10/13/17,8:50:00,9:35:00,3D play practice
9483,4,384,10/13/17,8:10:00,8:50:00,4A
9508,4,490,10/13/17,10:00:00,10:35:00,LS and US Choruses
9517,3,400,10/13/17,12:45:00,15:00:00,US Faculty Meeting
8510,7,400,10/16/17,15:30:00,16:45:00,ASE-Chess
8584,4,490,10/16/17,13:10:00,14:00:00,1C Play Practice
9138,7,400,10/16/17,9:05:00,10:00:00,US Class
9160,7,400,10/16/17,11:15:00,12:10:00,US Class
9182,7,400,10/16/17,13:10:00,14:00:00,US Class
9423,4,400,10/16/17,10:20:00,11:00:00,1C Play Practice
9478,4,0,10/16/17,9:00:00,10:00:00,3D play practice
9484,4,384,10/16/17,8:05:00,9:00:00,4A
9527,3,470,10/16/17,15:45:00,16:45:00,Faculty Growth Meeting
9528,3,400,10/16/17,8:10:00,15:30:00,Shayne all day
9532,4,400,10/16/17,11:00:00,11:35:00,LS Assembly
8384,3,400,10/17/17,19:00:00,20:30:00,Horizons BOT Mtg. - LH
8513,7,400,10/17/17,16:00:00,17:15:00,Yoga
9003,4,400,10/17/17,11:15:00,12:10:00,US Assembly
9428,4,445,10/17/17,8:00:00,11:00:00,1C Scenery Set Up
9431,4,490,10/17/17,12:15:00,13:10:00,1C Play Practice
9437,7,400,10/17/17,14:50:00,15:30:00,Student Council
9485,4,384,10/17/17,13:10:00,14:05:00,4A
9518,3,400,10/17/17,8:15:00,9:30:00,Building and Grounds
9513,4,400,10/18/17,8:10:00,10:00:00,Play Set Up
9525,4,400,10/18/17,12:10:00,12:40:00,6th gr. meeting - aurea
1634,3,400,10/19/17,12:10:00,12:40:00,6th gr. meeting - aurea
8511,7,400,10/19/17,15:30:00,16:45:00,ASE-Chess
8549,4,400,10/19/17,13:15:00,14:15:00,1C dress rehearsal
9025,7,400,10/19/17,9:05:00,12:10:00,US Class
9223,3,400,10/19/17,11:15:00,12:10:00,US Class
9430,4,490,10/19/17,10:20:00,11:15:00,1C Play Practice
9467,3,470,10/19/17,8:10:00,10:00:00,EPC Meeting
9479,4,0,10/19/17,9:00:00,10:00:00,3D play practice
9526,4,400,10/19/17,12:10:00,13:10:00,6th gr. meeting - aurea
8496,4,400,10/20/17,8:45:00,10:00:00,1Ch Play
8579,4,400,10/20/17,12:30:00,14:00:00,Nancy's ERB  Meeting
9048,7,400,10/20/17,9:30:00,11:00:00,US Class
9246,3,400,10/20/17,9:30:00,11:00:00,US Class
9359,3,470,10/20/17,8:50:00,9:30:00,Admin. Meeting
9481,4,0,10/20/17,11:40:00,12:10:00,3D play practice
9505,5,400,10/20/17,8:15:00,9:30:00,US Math with Bill Lamb-coffee talk
9531,3,400,10/20/17,13:00:00,15:00:00,Horizons - Lori
1632,1,400,10/23/17,12:10:00,13:10:00,Ranney Visit - 8th Gr. Brandon
8512,7,400,10/23/17,15:30:00,16:45:00,ASE-Chess
9071,7,400,10/23/17,9:05:00,12:10:00,US Class
9269,3,400,10/23/17,9:05:00,12:10:00,US Class
9486,4,384,10/23/17,8:10:00,9:55:00,4A
9489,4,394,10/23/17,10:20:00,11:15:00,3D play rehearsal
9541,4,400,10/23/17,13:15:00,14:00:00,4A rehearsal with A. Greco
9094,7,400,10/24/17,9:05:00,12:10:00,US Class
9292,3,400,10/24/17,11:15:00,12:10:00,US Class
9398,3,400,10/24/17,19:30:00,21:00:00,Finance Committee
9459,4,384,10/24/17,13:10:00,14:05:00,4A
9488,4,384,10/24/17,14:05:00,15:00:00,4A
9490,4,394,10/24/17,10:20:00,11:15:00,3D play rehearsal
9497,4,400,10/24/17,8:15:00,9:30:00,ERB discussion w/parents
9542,4,400,10/24/17,12:10:00,13:10:00,4A rehearsal
1628,4,400,10/25/17,9:05:00,10:20:00,4A play set up
1629,3,400,10/25/17,14:00:00,15:30:00,4A Play Set Up
9117,7,400,10/25/17,9:05:00,11:15:00,US Class
9315,3,400,10/25/17,9:05:00,11:15:00,US Class
9416,7,400,10/25/17,16:00:00,17:15:00,yoga
9487,4,384,10/25/17,8:10:00,9:05:00,4A
9491,4,394,10/25/17,10:20:00,11:15:00,3D play rehearsal
9511,4,400,10/25/17,9:05:00,10:00:00,4A play set up
9512,4,400,10/25/17,14:00:00,15:20:00,4A Play Set Up
9516,3,400,10/25/17,12:10:00,13:10:00,Ranney Visit - 8th gr. - Brandon
9545,4,470,10/25/17,11:15:00,13:55:00,Gym classes in case of rain
8520,7,400,10/26/17,15:30:00,16:45:00,ASE-Chess
8550,4,400,10/26/17,8:45:00,10:00:00,4A dress rehearsal
9139,7,400,10/26/17,9:05:00,10:00:00,US Class
9161,7,400,10/26/17,11:15:00,12:10:00,US Class
9183,7,400,10/26/17,13:10:00,14:00:00,US Class
9337,3,400,10/26/17,13:10:00,14:00:00,US Class
9492,4,394,10/26/17,10:20:00,11:15:00,3D play rehearsal
9546,4,470,10/26/17,11:15:00,15:10:00,Gym classes in case of rain
8551,4,400,10/27/17,8:45:00,10:00:00,4A play
9493,4,394,10/27/17,11:40:00,12:15:00,3D play rehearsal
9535,4,470,10/27/17,10:10:00,11:00:00,US Assembly
8523,7,400,10/30/17,15:30:00,16:45:00,ASE-Chess
9026,7,400,10/30/17,9:05:00,12:10:00,US Class
9224,3,400,10/30/17,11:15:00,12:10:00,US Class
9432,3,400,10/30/17,19:00:00,20:30:00,Development Committee-Missy
9494,4,394,10/30/17,9:00:00,10:00:00,3D play rehearsal
9536,4,470,10/30/17,10:00:00,11:00:00,1F Rehearsal
9049,7,400,10/31/17,10:20:00,12:10:00,US Class
9247,3,400,10/31/17,10:20:00,12:10:00,US Class
9360,3,470,10/31/17,9:00:00,10:00:00,Admin. Meeting
9495,4,394,10/31/17,9:00:00,10:00:00,3D play rehearsal
9537,4,470,10/31/17,13:00:00,14:00:00,1F Rehearsal
9543,4,400,10/31/17,12:10:00,12:40:00,T. Scott - 8th gr meeting
8438,4,400,11/1/17,19:00:00,21:00:00,Unselfie Author - PC Event
9072,7,400,11/1/17,9:05:00,12:10:00,US Class
9270,3,400,11/1/17,9:05:00,12:10:00,US Class
9417,7,400,11/1/17,16:00:00,17:15:00,yoga
9496,4,394,11/1/17,9:00:00,10:00:00,3D play rehearsal
9534,4,400,11/1/17,12:10:00,13:10:00,Ranney Visit - 8t gr. - Brandon
9549,4,470,11/1/17,13:10:00,15:25:00,3D Play setup
8526,7,400,11/2/17,15:30:00,16:45:00,ASE-chess
8552,4,400,11/2/17,8:45:00,10:00:00,3D dress rehearsal
9095,7,400,11/2/17,9:05:00,12:10:00,US Class
9293,3,400,11/2/17,11:15:00,12:10:00,US Class
9522,3,470,11/2/17,8:30:00,10:00:00,PR Committee
8434,3,470,11/3/17,8:00:00,14:00:00,Trustees' Day
8576,7,400,11/3/17,12:35:00,14:00:00,US Faculty MEeting
9118,7,400,11/3/17,8:50:00,10:10:00,US Class
9382,4,400,11/3/17,8:45:00,10:00:00,3D play
9460,7,470,11/3/17,10:10:00,12:35:00,Trustees Day
9504,4,0,11/3/17,13:00:00,15:40:00,Full Faculty - Dr. Greco
8527,7,400,11/6/17,15:30:00,16:45:00,ASE - chess
9140,7,400,11/6/17,9:05:00,10:00:00,US Class
9162,7,400,11/6/17,11:15:00,12:10:00,US Class
9184,7,400,11/6/17,13:10:00,14:00:00,US Class
9338,3,400,11/6/17,13:10:00,14:00:00,US Class
9538,4,470,11/6/17,14:00:00,15:00:00,1F Play Rehearsal
9004,4,400,11/7/17,11:15:00,12:10:00,US Assembly
9438,7,400,11/7/17,14:50:00,15:30:00,Student Council
9523,3,470,11/7/17,15:45:00,16:45:00,Diversity Meeting
9539,4,470,11/7/17,10:20:00,11:15:00,1F Rehearsal
9027,7,400,11/8/17,9:05:00,12:10:00,US Class
9225,3,400,11/8/17,11:15:00,12:10:00,US Class
9418,7,400,11/8/17,16:00:00,17:15:00,yoga
9540,4,470,11/8/17,8:00:00,10:40:00,1F Play setup
8532,7,400,11/9/17,15:45:00,16:45:00,ASE-Chess
8553,4,400,11/9/17,13:15:00,14:15:00,1F dress rehearsal
9050,7,400,11/9/17,10:20:00,12:10:00,US Class
9248,3,400,11/9/17,10:20:00,12:10:00,US Class
9361,3,470,11/9/17,9:00:00,10:00:00,Admin. Meeting
8554,4,400,11/10/17,8:30:00,10:00:00,1F play
9073,7,400,11/10/17,8:50:00,11:00:00,US Class
9271,3,400,11/10/17,8:50:00,11:00:00,US Class
8533,7,400,11/13/17,15:30:00,16:45:00,ASE-chess
9096,7,400,11/13/17,9:05:00,12:10:00,US Class
9294,3,400,11/13/17,11:15:00,12:10:00,US Class
9119,7,400,11/14/17,9:05:00,11:15:00,US Class
9317,3,400,11/14/17,9:05:00,11:15:00,US Class
9533,4,400,11/14/17,12:10:00,12:40:00,Veteran's Day Speaker - 5th gr. - tent - Tony I
9141,7,400,11/15/17,9:05:00,10:00:00,US Class
9163,7,400,11/15/17,11:15:00,12:10:00,US Class
9185,7,400,11/15/17,13:10:00,14:00:00,US Class
9339,3,400,11/15/17,13:10:00,14:00:00,US Class
9419,7,400,11/15/17,16:00:00,17:15:00,yoga
9471,3,470,11/15/17,8:05:00,9:30:00,EPC Mtg.
8535,7,400,11/16/17,15:30:00,16:45:00,ASE-chess
9005,4,400,11/16/17,11:15:00,12:10:00,US Assembly - 5th gr. play ?
9385,4,400,11/16/17,8:45:00,10:00:00,5th gr. dress rehearsal - tent
9439,7,400,11/16/17,14:50:00,15:30:00,Student Council
9524,3,470,11/16/17,8:30:00,10:00:00,PR Committee
9028,7,400,11/17/17,8:50:00,11:00:00,US Class
9226,3,400,11/17/17,10:20:00,11:00:00,US Class
9384,4,400,11/17/17,8:45:00,10:00:00,5th gr. play #1
9396,5,400,11/17/17,15:00:00,19:00:00,Horizons
8536,7,400,11/27/17,15:30:00,16:45:00,ASE-Chess
9051,7,400,11/27/17,10:20:00,12:10:00,US Class
9249,3,400,11/27/17,10:20:00,12:10:00,US Class
9362,3,470,11/27/17,9:00:00,10:00:00,Admin. Room
9074,7,400,11/28/17,9:05:00,12:10:00,US Class
9272,3,400,11/28/17,9:05:00,12:10:00,US Class
9399,3,400,11/28/17,19:30:00,21:00:00,Finance Committee
9506,5,400,11/28/17,8:15:00,9:15:00,LS Coffee Talk - Report Cards w/ Nancy
9097,7,400,11/29/17,9:05:00,12:10:00,US Class
9295,3,400,11/29/17,11:15:00,12:10:00,US Class
9420,7,400,11/29/17,16:00:00,17:15:00,yoga
9547,3,470,11/29/17,8:05:00,10:00:00,Risk Meeting
8538,7,400,11/30/17,15:30:00,16:45:00,ASE-chess
9120,7,400,11/30/17,9:05:00,11:15:00,US Class
9318,3,400,11/30/17,9:05:00,11:15:00,US Class
9386,4,400,11/30/17,8:45:00,10:00:00,2W dress rehearsal
8577,7,400,12/1/17,12:25:00,14:00:00,5/6 Advisor's Meeting
9142,7,400,12/1/17,8:50:00,9:30:00,US Class
9164,7,400,12/1/17,11:15:00,12:10:00,US Class
9186,7,400,12/1/17,11:00:00,11:40:00,US Class
9340,3,400,12/1/17,11:00:00,11:40:00,US Class
9387,4,400,12/1/17,8:45:00,10:00:00,2W play
8378,3,400,12/4/17,19:30:00,21:00:00,BOT Meeting
8539,7,400,12/4/17,15:30:00,16:45:00,ASE-chess
9006,4,400,12/4/17,11:15:00,12:10:00,US Assembly
9440,7,400,12/4/17,14:50:00,15:30:00,Student Council
9548,3,470,12/4/17,8:05:00,10:00:00,Risk Committee
9029,7,400,12/5/17,9:05:00,12:10:00,US Class
9227,3,400,12/5/17,11:15:00,12:10:00,US Class
9356,4,443,12/5/17,12:00:00,12:45:00,Holiday Program Rehearsal
9052,7,400,12/6/17,10:20:00,12:10:00,US Class
9250,3,400,12/6/17,10:20:00,12:10:00,US Class
9363,3,470,12/6/17,9:00:00,10:00:00,Admin. Meeting
9421,7,400,12/6/17,16:00:00,17:15:00,yoga
8541,7,400,12/7/17,15:35:00,16:45:00,ASE-chess
9075,7,400,12/7/17,9:05:00,12:10:00,US Class
9273,3,400,12/7/17,9:05:00,12:10:00,US Class
9389,4,400,12/7/17,8:45:00,10:00:00,LS Drama dress rehearsal ?
8578,7,400,12/8/17,12:30:00,14:00:00,7/8 Advisors Meeting
9098,7,400,12/8/17,8:50:00,11:00:00,US Class
9296,3,400,12/8/17,10:20:00,11:00:00,US Class
9388,4,400,12/8/17,8:45:00,10:00:00,LS Drama Club play
8543,7,400,12/11/17,15:30:00,16:45:00,ASE-chess
9121,7,400,12/11/17,9:05:00,11:15:00,US Class
9319,3,400,12/11/17,9:05:00,11:15:00,US Class
9357,4,443,12/11/17,12:00:00,12:45:00,Holiday Program Rehearsal
8490,4,490,12/12/17,9:00:00,10:00:00,N/PK Holiday Concert Practice
9143,7,400,12/12/17,9:05:00,10:00:00,US Class
9165,7,400,12/12/17,11:15:00,12:10:00,US Class
9187,7,400,12/12/17,13:10:00,14:00:00,US Class
9341,3,400,12/12/17,13:10:00,14:00:00,US Class
8386,3,400,12/13/17,19:00:00,20:30:00,Horizons BOT Mtg. - LH
8489,4,490,12/13/17,9:00:00,10:00:00,N/PK Holiday Concert Practice
9007,4,400,12/13/17,11:15:00,12:10:00,US Assembly
9358,4,443,12/13/17,12:15:00,12:45:00,Holiday Program Rehearsal
9422,7,400,12/13/17,16:00:00,17:15:00,yoga
9441,7,400,12/13/17,14:50:00,15:30:00,Student Council
8488,4,490,12/14/17,9:00:00,10:00:00,N/PK Holiday Concert Practice
9030,7,400,12/14/17,9:05:00,12:10:00,US Class
9228,3,400,12/14/17,11:15:00,12:10:00,US Class
9413,3,400,12/14/17,19:30:00,21:00:00,COT Meeting - Danielle Greene
9468,3,470,12/14/17,8:10:00,10:00:00,EPC Meeting
8555,3,400,12/15/17,8:00:00,12:30:00,PC Holiday Breakfast
9053,7,400,12/15/17,9:30:00,11:00:00,US Class
9251,3,400,12/15/17,9:30:00,11:00:00,US Class
8487,4,490,12/18/17,9:00:00,10:00:00,N/PK Holiday Concert Practice
9076,7,400,12/18/17,9:05:00,12:10:00,US Class
9274,3,400,12/18/17,9:05:00,12:10:00,US Class
8486,4,490,12/19/17,9:00:00,10:00:00,N/PK Holiday Concert Practice
9099,7,400,12/19/17,9:05:00,12:10:00,US Class
9297,3,400,12/19/17,11:15:00,12:10:00,US Class
1586,6,400,12/20/17,9:30:00,10:45:00,ECC Holiday Concert
8414,7,400,12/20/17,16:00:00,17:15:00,Faculty Yoga
8500,5,400,12/20/17,12:30:00,14:00:00,Full Faculty Lunch
9122,7,400,12/20/17,9:05:00,11:15:00,US Class
9320,3,400,12/20/17,9:05:00,11:15:00,US Class
9390,4,400,12/20/17,9:10:00,10:45:00,ECC Holiday Concert
8415,7,400,1/3/18,16:00:00,17:15:00,Faculty Yoga
9144,7,400,1/3/18,9:05:00,10:00:00,US Class
9166,7,400,1/3/18,11:15:00,12:10:00,US Class
9188,7,400,1/3/18,13:10:00,14:00:00,US Class
9342,3,400,1/3/18,13:10:00,14:00:00,US Class
9008,4,400,1/4/18,11:15:00,12:10:00,US Assembly
9442,7,400,1/4/18,14:50:00,15:30:00,Student Council
9031,7,400,1/5/18,8:50:00,11:00:00,US Class
9229,3,400,1/5/18,10:20:00,11:00:00,US Class
9054,7,400,1/8/18,10:20:00,12:10:00,US Class
9252,3,400,1/8/18,10:20:00,12:10:00,US Class
9364,3,470,1/8/18,9:00:00,10:00:00,Admin. Meeting
9433,3,400,1/8/18,19:00:00,20:30:00,Development Committee - Missy
9077,7,400,1/9/18,9:05:00,12:10:00,US Class
9275,3,400,1/9/18,9:05:00,12:10:00,US Class
9400,3,400,1/9/18,19:30:00,21:00:00,Finance Committee
8416,7,400,1/10/18,16:00:00,17:15:00,Faculty Yoga
9100,7,400,1/10/18,9:05:00,12:10:00,US Class
9298,3,400,1/10/18,11:15:00,12:10:00,US Class
9123,7,400,1/11/18,9:05:00,11:15:00,US Class
9321,3,400,1/11/18,9:05:00,11:15:00,US Class
9498,5,400,1/11/18,8:15:00,10:00:00,EPC Meeting
9145,7,400,1/12/18,8:50:00,9:30:00,US Class
9167,7,400,1/12/18,10:20:00,11:00:00,US Class
9189,7,400,1/12/18,11:00:00,11:40:00,US Class
9343,3,400,1/12/18,11:00:00,11:40:00,US Class
8379,3,400,1/16/18,19:30:00,21:00:00,BOT Meeting
9009,4,400,1/16/18,11:15:00,12:10:00,US Assembly
9443,7,400,1/16/18,14:50:00,15:30:00,Student Council
8417,7,400,1/17/18,16:00:00,17:15:00,Faculty Yoga
8556,4,400,1/17/18,8:45:00,10:00:00,4C dress rehearsal
9032,7,400,1/17/18,9:05:00,12:10:00,US Class
9230,3,400,1/17/18,11:15:00,12:10:00,US Class
9055,7,400,1/18/18,10:20:00,12:10:00,US Class
9253,3,400,1/18/18,10:20:00,12:10:00,US Class
9365,3,470,1/18/18,9:00:00,10:00:00,Admin. Meeting
9391,4,400,1/18/18,8:45:00,10:00:00,4C dress rehearsal
9078,7,400,1/19/18,8:50:00,11:00:00,US Class
9276,3,400,1/19/18,8:50:00,11:00:00,US Class
9101,7,400,1/22/18,9:05:00,12:10:00,US Class
9299,3,400,1/22/18,11:15:00,12:10:00,US Class
8387,3,400,1/23/18,19:00:00,20:30:00,Horizons BOT Mtg. - LH
9124,7,400,1/23/18,9:05:00,11:15:00,US Class
9322,3,400,1/23/18,9:05:00,11:15:00,US Class
8418,7,400,1/24/18,16:00:00,17:15:00,Faculty Yoga
9146,7,400,1/24/18,9:05:00,10:00:00,US Class
9168,7,400,1/24/18,11:15:00,12:10:00,US Class
9190,7,400,1/24/18,13:10:00,14:00:00,US Class
9344,3,400,1/24/18,13:10:00,14:00:00,US Class
9502,3,470,1/24/18,19:00:00,20:30:00,Risk Committee
8557,4,400,1/25/18,8:45:00,10:00:00,1B dress rehearsal
9010,4,400,1/25/18,11:15:00,12:10:00,US Assembly
9444,7,400,1/25/18,14:50:00,15:30:00,student council
8558,4,400,1/26/18,8:45:00,10:00:00,1B play
9033,7,400,1/26/18,8:50:00,11:00:00,US Class
9231,3,400,1/26/18,10:20:00,11:00:00,US Class
9056,7,400,1/29/18,10:20:00,12:10:00,US Class
9254,3,400,1/29/18,10:20:00,12:10:00,US Class
9366,3,470,1/29/18,9:00:00,10:00:00,Admin. Meeting
9079,7,400,1/30/18,9:05:00,12:10:00,US Class
9277,3,400,1/30/18,9:05:00,12:10:00,US Class
8419,7,400,1/31/18,16:00:00,17:15:00,Faculty Yoga
9102,7,400,1/31/18,9:05:00,12:10:00,US Class
9300,3,400,1/31/18,11:15:00,12:10:00,US Class
8559,4,400,2/1/18,8:45:00,10:00:00,4P dress rehearsal
9125,7,400,2/1/18,9:05:00,11:15:00,US Class
9323,3,400,2/1/18,9:05:00,11:15:00,US Class
8560,4,400,2/2/18,8:45:00,10:00:00,4P play
9147,7,400,2/2/18,8:50:00,9:30:00,US Class
9169,7,400,2/2/18,10:20:00,11:00:00,US Class
9191,7,400,2/2/18,11:00:00,11:40:00,US Class
9345,3,400,2/2/18,11:00:00,11:40:00,US Class
9011,4,400,2/5/18,11:15:00,12:10:00,US Assembly
9445,7,400,2/5/18,14:50:00,15:30:00,student council
9034,7,400,2/6/18,9:05:00,12:10:00,US Class
9232,3,400,2/6/18,11:15:00,12:10:00,US Class
9401,3,400,2/6/18,19:45:00,21:00:00,Finance Committee
8420,7,400,2/7/18,16:00:00,17:15:00,Faculty Yoga
9057,7,400,2/7/18,10:20:00,12:10:00,US Class
9255,3,400,2/7/18,10:20:00,12:10:00,US Class
9367,3,470,2/7/18,9:00:00,10:00:00,Admin. Meeting
8561,4,400,2/8/18,8:45:00,10:00:00,2R dress rehearsal
9080,7,400,2/8/18,9:05:00,12:10:00,US Class
9278,3,400,2/8/18,9:05:00,12:10:00,US Class
8562,4,400,2/9/18,8:45:00,10:00:00,2R play
9103,7,400,2/9/18,8:50:00,11:00:00,US Class
9301,3,400,2/9/18,10:20:00,11:00:00,US Class
8380,3,400,2/12/18,19:30:00,21:00:00,BOT Meeting
9126,7,400,2/12/18,9:05:00,11:15:00,US Class
9324,3,400,2/12/18,9:05:00,11:15:00,US Class
9148,7,400,2/13/18,9:05:00,10:00:00,US Class
9170,7,400,2/13/18,11:15:00,12:10:00,US Class
9192,7,400,2/13/18,13:10:00,14:00:00,US Class
9346,3,400,2/13/18,13:10:00,14:00:00,US Class
8421,7,400,2/14/18,16:00:00,17:15:00,Faculty Yoga
9012,4,400,2/14/18,11:15:00,12:10:00,US Assembly
9446,7,400,2/14/18,14:50:00,15:30:00,student council
8563,4,400,2/15/18,8:45:00,10:00:00,3G dress rehearsal
9035,7,400,2/15/18,9:05:00,12:10:00,US Class
9233,3,400,2/15/18,11:15:00,12:10:00,US Class
8564,4,400,2/16/18,8:45:00,10:00:00,3G play
9058,7,400,2/16/18,10:20:00,12:10:00,US Class
9256,3,400,2/16/18,10:20:00,12:10:00,US Class
9368,3,470,2/16/18,9:00:00,10:00:00,Admin. Meeting
8388,3,400,2/21/18,19:00:00,20:30:00,Horizons BOT Mtg. - LH
8422,7,400,2/21/18,16:00:00,17:15:00,Faculty Yoga
9081,7,400,2/21/18,9:05:00,12:10:00,US Class
9279,3,400,2/21/18,9:05:00,12:10:00,US Class
9104,7,400,2/22/18,9:05:00,12:10:00,US Class
9302,3,400,2/22/18,11:15:00,12:10:00,US Class
9472,3,470,2/22/18,8:05:00,10:15:00,EPC Meeting
9127,7,400,2/23/18,8:50:00,10:10:00,US Class
9325,3,400,2/23/18,8:50:00,10:10:00,US Class
9149,7,400,2/26/18,9:05:00,10:00:00,US Class
9171,7,400,2/26/18,11:15:00,12:10:00,US Class
9193,7,400,2/26/18,13:10:00,14:00:00,US Class
9347,3,400,2/26/18,13:10:00,14:00:00,US Class
9013,4,400,2/27/18,11:15:00,12:10:00,US Assembly
9447,7,400,2/27/18,14:50:00,15:30:00,student council
8423,7,400,2/28/18,16:00:00,17:15:00,Faculty Yoga
9036,7,400,2/28/18,9:05:00,12:10:00,US Class
9234,3,400,2/28/18,11:15:00,12:10:00,US Class
8565,4,400,3/1/18,8:45:00,10:00:00,3L dress rehearsal
9059,7,400,3/1/18,10:20:00,12:10:00,US Class
9257,3,400,3/1/18,10:20:00,12:10:00,US Class
9369,3,470,3/1/18,9:00:00,10:00:00,Admin. Meeting
8566,4,400,3/2/18,8:45:00,10:00:00,3L play set up
9082,7,400,3/2/18,8:50:00,11:00:00,US Class
9280,3,400,3/2/18,8:50:00,11:00:00,US Class
9105,7,400,3/5/18,9:05:00,12:10:00,US Class
9303,3,400,3/5/18,11:15:00,12:10:00,US Class
9128,7,400,3/6/18,9:05:00,11:15:00,US Class
9326,3,400,3/6/18,9:05:00,11:15:00,US Class
9402,3,400,3/6/18,19:30:00,21:00:00,Finance Committee
8424,7,400,3/7/18,16:00:00,17:15:00,Faculty Yoga
9150,7,400,3/7/18,9:05:00,10:00:00,US Class
9172,7,400,3/7/18,11:15:00,12:10:00,US Class
9194,7,400,3/7/18,13:10:00,14:00:00,US Class
9348,3,400,3/7/18,13:10:00,14:00:00,US Class
9014,4,400,3/8/18,11:15:00,12:10:00,US Assembly - US Drama play?
9393,4,400,3/8/18,8:45:00,10:00:00,US Drama dress rehearsal ?
9448,7,400,3/8/18,14:50:00,15:30:00,student council
9469,7,470,3/8/18,8:05:00,10:00:00,EPC Meeting
9473,3,470,3/8/18,8:05:00,10:15:00,EPC Meeting
9037,7,400,3/9/18,8:50:00,11:00:00,US Class
9235,3,400,3/9/18,10:20:00,11:00:00,US Class
9392,4,400,3/9/18,8:45:00,10:00:00,US Drama play
9060,7,400,3/12/18,10:20:00,12:10:00,US Class
9258,3,400,3/12/18,10:20:00,12:10:00,US Class
9370,3,470,3/12/18,9:00:00,10:00:00,Admin. Meeting
9083,7,400,3/13/18,9:05:00,12:10:00,US Class
9281,3,400,3/13/18,9:05:00,12:10:00,US Class
9106,7,400,3/15/18,9:05:00,12:10:00,US Class
9304,3,400,3/15/18,11:15:00,12:10:00,US Class
9129,7,400,3/16/18,8:50:00,10:10:00,US Class
9327,3,400,3/16/18,8:50:00,10:10:00,US Class
9151,7,400,4/3/18,9:05:00,10:00:00,US Class
9173,7,400,4/3/18,11:15:00,12:10:00,US Class
9195,7,400,4/3/18,13:10:00,14:00:00,US Class
9349,3,400,4/3/18,13:10:00,14:00:00,US Class
8425,7,400,4/4/18,16:00:00,17:15:00,Faculty Yoga
9015,4,400,4/4/18,11:15:00,12:10:00,US Assembly
9449,7,400,4/4/18,14:50:00,15:30:00,student council
9503,3,470,4/4/18,8:05:00,10:00:00,Risk Committee
9038,7,400,4/5/18,9:05:00,12:10:00,US Class
9236,3,400,4/5/18,11:15:00,12:10:00,US Class
9403,3,400,4/5/18,19:30:00,21:00:00,Finance Committee
9061,7,400,4/6/18,9:30:00,11:00:00,US Class
9259,3,400,4/6/18,9:30:00,11:00:00,US Class
9371,3,470,4/6/18,8:50:00,9:30:00,Admin. Meeting
8381,3,400,4/9/18,19:30:00,21:00:00,BOT Meeting
9084,7,400,4/9/18,9:05:00,12:10:00,US Class
9282,3,400,4/9/18,9:05:00,12:10:00,US Class
9107,7,400,4/10/18,9:05:00,12:10:00,US Class
9305,3,400,4/10/18,11:15:00,12:10:00,US Class
8426,7,400,4/11/18,16:00:00,17:15:00,Faculty Yoga
9130,7,400,4/11/18,9:05:00,11:15:00,US Class
9328,3,400,4/11/18,9:05:00,11:15:00,US Class
9152,7,400,4/12/18,9:05:00,10:00:00,US Class
9174,7,400,4/12/18,11:15:00,12:10:00,US Class
9196,7,400,4/12/18,13:10:00,14:00:00,US Class
9350,3,400,4/12/18,13:10:00,14:00:00,US Class
9474,3,470,4/12/18,8:05:00,10:15:00,EPC Meeting
9500,4,470,4/12/18,16:00:00,19:00:00,NJAIS Teacher Eval. Workshop
9501,3,470,4/12/18,16:00:00,19:00:00,NJAIS Teacher Eval. Workshop
9039,7,400,4/16/18,9:05:00,12:10:00,US Class
9237,3,400,4/16/18,11:15:00,12:10:00,US Class
9450,7,400,4/16/18,14:50:00,15:30:00,student council
8389,3,400,4/17/18,19:00:00,20:30:00,Horizons BOT Mtg. - LH
9062,7,400,4/17/18,10:20:00,12:10:00,US Class
9260,3,400,4/17/18,10:20:00,12:10:00,US Class
9372,3,470,4/17/18,9:00:00,10:00:00,Admin. Meeting
8427,7,400,4/18/18,16:00:00,17:15:00,Faculty Yoga
9085,7,400,4/18/18,9:05:00,12:10:00,US Class
9283,3,400,4/18/18,9:05:00,12:10:00,US Class
9394,4,400,4/18/18,8:45:00,10:00:00,5th gr. play #2
9108,7,400,4/19/18,9:05:00,12:10:00,US Class
9306,3,400,4/19/18,11:15:00,12:10:00,US Class
9395,4,400,4/19/18,8:45:00,10:00:00,5th gr. play #2 play
9131,7,400,4/20/18,8:50:00,10:10:00,US Class
9329,3,400,4/20/18,8:50:00,10:10:00,US Class
9153,7,400,4/23/18,9:05:00,10:00:00,US Class
9175,7,400,4/23/18,11:15:00,12:10:00,US Class
9197,7,400,4/23/18,13:10:00,14:00:00,US Class
9351,3,400,4/23/18,13:10:00,14:00:00,US Class
8393,4,400,4/24/18,19:00:00,21:00:00,Marc Brackett = Keynote speaker for parents and public
9016,4,400,4/24/18,11:15:00,12:10:00,US Assembly
9451,7,400,4/24/18,14:50:00,15:30:00,student council
8394,4,400,4/25/18,8:30:00,11:00:00,Marc Brackett - keynote speaker for parents and public
8428,7,400,4/25/18,16:00:00,17:15:00,Faculty Yoga
9040,7,400,4/25/18,9:05:00,12:10:00,US Class
9238,3,400,4/25/18,11:15:00,12:10:00,US Class
8567,4,400,4/26/18,8:45:00,10:00:00,BC dress rehearsal
9063,7,400,4/26/18,10:20:00,12:10:00,US Class
9261,3,400,4/26/18,10:20:00,12:10:00,US Class
9373,3,470,4/26/18,9:00:00,10:00:00,Admin. Meeting
8568,4,400,4/27/18,8:45:00,10:00:00,BC play
9086,7,400,4/27/18,8:50:00,11:00:00,US Class
9284,3,400,4/27/18,8:50:00,11:00:00,US Class
9109,7,400,4/30/18,9:05:00,12:10:00,US Class
9307,3,400,4/30/18,11:15:00,12:10:00,US Class
9132,7,400,5/1/18,9:05:00,11:15:00,US Class
9330,3,400,5/1/18,9:05:00,11:15:00,US Class
8429,7,400,5/2/18,16:00:00,17:15:00,Faculty Yoga
8502,3,400,5/2/18,15:30:00,16:30:00,PC Set up for Faculty Appreciation Lunch
9154,7,400,5/2/18,9:05:00,10:00:00,US Class
9176,7,400,5/2/18,11:15:00,12:10:00,US Class
9198,7,400,5/2/18,13:10:00,14:00:00,US Class
9352,3,400,5/2/18,13:10:00,14:00:00,US Class
8501,3,400,5/3/18,8:00:00,15:30:00,PC Faculty Teacher Appreciation Lunch
8569,4,400,5/3/18,8:45:00,10:00:00,BK dress rehearsal
9017,4,400,5/3/18,11:15:00,12:10:00,US Assembly
9452,7,400,5/3/18,14:50:00,15:30:00,student council
8503,3,400,5/4/18,8:00:00,12:30:00,PC Faculty Appreciation Breakfast
8570,4,400,5/4/18,8:45:00,10:00:00,Bk play
9041,7,400,5/4/18,8:50:00,11:00:00,US Class
9239,3,400,5/4/18,10:20:00,11:00:00,US Class
9064,7,400,5/7/18,10:20:00,12:10:00,US Class
9262,3,400,5/7/18,10:20:00,12:10:00,US Class
9374,3,470,5/7/18,9:00:00,10:00:00,Admin. Meeting
9087,7,400,5/8/18,9:05:00,12:10:00,US Class
9285,3,400,5/8/18,9:05:00,12:10:00,US Class
9404,3,400,5/8/18,19:30:00,21:00:00,Finance Committee
8430,7,400,5/9/18,16:00:00,17:15:00,Faculty Yoga
9110,7,400,5/9/18,9:05:00,12:10:00,US Class
9308,3,400,5/9/18,11:15:00,12:10:00,US Class
9133,7,400,5/10/18,9:05:00,11:15:00,US Class
9331,3,400,5/10/18,9:05:00,11:15:00,US Class
9499,5,400,5/10/18,8:15:00,10:00:00,EPC Meeting
9155,7,400,5/11/18,8:50:00,9:30:00,US Class
9177,7,400,5/11/18,10:20:00,11:00:00,US Class
9199,7,400,5/11/18,11:00:00,11:40:00,US Class
9353,3,400,5/11/18,11:00:00,11:40:00,US Class
8382,3,400,5/14/18,19:30:00,21:00:00,BOT meeting
9018,4,400,5/14/18,11:15:00,12:10:00,US Assembly
9453,7,400,5/14/18,14:50:00,15:30:00,student council
8390,3,400,5/15/18,19:00:00,20:30:00,Horizons BOT Mtg. - LH
9042,7,400,5/15/18,9:05:00,12:10:00,US Class
9240,3,400,5/15/18,11:15:00,12:10:00,US Class
8431,7,400,5/16/18,16:00:00,17:15:00,Faculty yoga
8477,4,490,5/16/18,8:00:00,15:30:00,Arts Festival Set Up and Rehearsals
9065,7,400,5/16/18,10:20:00,12:10:00,US Class
9263,3,400,5/16/18,10:20:00,12:10:00,US Class
9375,3,470,5/16/18,9:00:00,10:00:00,Admin. Meeting
8476,4,490,5/17/18,8:00:00,15:30:00,Arts Festival Set Up and Rehearsals
9088,7,400,5/17/18,9:05:00,12:10:00,US Class
9286,3,400,5/17/18,9:05:00,12:10:00,US Class
9111,7,400,5/18/18,8:50:00,11:00:00,US Class
9309,3,400,5/18/18,10:20:00,11:00:00,US Class
9134,7,400,5/21/18,9:05:00,11:15:00,US Class
9332,3,400,5/21/18,9:05:00,11:15:00,US Class
8478,4,400,5/22/18,8:15:00,9:05:00,4th gr parent transition meeting-BLamb
8479,3,400,5/22/18,8:15:00,9:15:00,4th gr. parent transition meeting-BLamb
9156,7,400,5/22/18,9:05:00,10:00:00,US Class
9178,7,400,5/22/18,11:15:00,12:10:00,US Class
9200,7,400,5/22/18,13:10:00,14:00:00,US Class
9354,3,400,5/22/18,13:10:00,14:00:00,US Class
8432,7,400,5/23/18,16:00:00,17:15:00,Faculty Yoga
9019,4,400,5/23/18,11:15:00,12:10:00,US Assembly
9454,7,400,5/23/18,14:50:00,15:30:00,student council
9043,7,400,5/24/18,9:05:00,12:10:00,US Class
9241,3,400,5/24/18,11:15:00,12:10:00,US Class
9066,7,400,5/25/18,9:30:00,11:00:00,US Class
9264,3,400,5/25/18,9:30:00,11:00:00,US Class
9376,3,470,5/25/18,8:50:00,9:30:00,Admin. Meeting
9089,7,400,5/29/18,9:05:00,12:10:00,US Class
9287,3,400,5/29/18,9:05:00,12:10:00,US Class
8433,7,400,5/30/18,16:00:00,17:15:00,Faculty Yoga
9112,7,400,5/30/18,9:05:00,12:10:00,US Class
9310,3,400,5/30/18,11:15:00,12:10:00,US Class
9135,7,400,5/31/18,9:05:00,11:15:00,US Class
9333,3,400,5/31/18,9:05:00,11:15:00,US Class
8401,5,400,6/1/18,11:30:00,12:15:00,2nd grade Taste of States-Joy
9157,7,400,6/1/18,8:50:00,9:30:00,US Class
9179,7,400,6/1/18,10:20:00,11:00:00,US Class
9201,7,400,6/1/18,11:00:00,11:40:00,US Class
9355,3,400,6/1/18,11:00:00,11:40:00,US Class
9455,7,400,6/4/18,14:50:00,15:30:00,student council
9044,7,400,6/5/18,8:50:00,11:00:00,US Class
9242,3,400,6/5/18,10:20:00,11:00:00,US Class
1228,4,400,6/6/18,18:00:00,19:15:00,BOT Meeting
8383,3,400,6/6/18,18:00:00,18:10:00,BOT Meeting
9067,7,400,6/6/18,9:30:00,11:00:00,US Class
9265,3,400,6/6/18,9:30:00,11:00:00,US Class
8571,4,400,6/7/18,9:30:00,11:00:00,ECC End of Year Celebration-A. Weiss
9090,7,400,6/7/18,8:50:00,11:00:00,US Class
9288,3,400,6/7/18,8:50:00,11:00:00,US Class
9113,7,400,6/8/18,8:50:00,11:00:00,US Class
9311,3,400,6/8/18,10:20:00,11:00:00,US Class
8391,3,400,6/19/18,19:00:00,20:25:00,Horizons BOT Mtg. - LH